data_date,hero_name,mode,bracket,stat_name,mean,std_dev,sample_size,ideal_match_id_avg,ideal_match_id_top
2026-04-04,abyssal_underlord,ranked,herald,last_hits_10min,14.3,8.4,10,8752343218,8752030265
2026-04-04,abyssal_underlord,ranked,legend,last_hits_10min,51.8,15.6,12,8752023175,8752133131
2026-04-04,alchemist,ranked,guardian,last_hits_10min,53.3,16.8,12,8752231435,8752295119
2026-04-04,alchemist,ranked,crusader,last_hits_10min,53.4,23.6,20,8752026869,8752217893
2026-04-04,alchemist,ranked,archon,last_hits_10min,53.4,23.9,24,8752332259,8752026200
2026-04-04,alchemist,ranked,legend,last_hits_10min,55.4,24.1,19,8752217223,8752102700
2026-04-04,alchemist,ranked,ancient,last_hits_10min,57.7,16.0,21,8752029634,8752023244
2026-04-04,alchemist,ranked,immortal,last_hits_10min,64.5,21.2,21,8752248080,8752090401
2026-04-04,ancient_apparition,ranked,guardian,last_hits_10min,7.2,9.4,11,8752030886,8752030886
2026-04-04,ancient_apparition,ranked,crusader,last_hits_10min,9.7,11.5,10,8752032221,8752109873
2026-04-04,ancient_apparition,turbo,archon,last_hits_10min,8.6,6.7,10,8752027687,8752023483
2026-04-04,antimage,ranked,herald,last_hits_10min,31.0,11.7,10,8752275794,8752345909
2026-04-04,antimage,ranked,guardian,last_hits_10min,45.5,14.2,21,8752023730,8752031357
2026-04-04,antimage,ranked,crusader,last_hits_10min,42.4,14.7,27,8752356666,8752026040
2026-04-04,antimage,ranked,archon,last_hits_10min,43.9,15.6,33,8752311114,8752139850
2026-04-04,antimage,ranked,legend,last_hits_10min,48.5,16.0,17,8752028985,8752258802
2026-04-04,antimage,ranked,ancient,last_hits_10min,53.4,12.1,13,8752147443,8752027010
2026-04-04,antimage,turbo,guardian,last_hits_10min,48.9,31.6,14,8752023797,8752034243
2026-04-04,antimage,turbo,crusader,last_hits_10min,52.2,20.9,13,8752350203,8752025150
2026-04-04,antimage,turbo,archon,last_hits_10min,60.9,22.5,13,8752031298,8752023902
2026-04-04,arc_warden,ranked,guardian,last_hits_10min,35.9,16.3,13,8752029268,8752275923
2026-04-04,arc_warden,ranked,crusader,last_hits_10min,38.8,11.4,20,8752031041,8752348444
2026-04-04,axe,ranked,herald,last_hits_10min,36.0,13.9,18,8752257359,8752028673
2026-04-04,axe,ranked,guardian,last_hits_10min,41.6,21.2,18,8752227768,8752161464
2026-04-04,axe,ranked,crusader,last_hits_10min,46.3,14.7,36,8752045473,8752024435
2026-04-04,axe,ranked,archon,last_hits_10min,49.6,14.1,26,8752171617,8752026665
2026-04-04,axe,ranked,legend,last_hits_10min,44.8,23.1,20,8752023514,8752023263
2026-04-04,axe,ranked,ancient,last_hits_10min,55.9,16.2,17,8752144298,8752311131
2026-04-04,axe,ranked,divine,last_hits_10min,56.2,18.5,13,8752270588,8752237120
2026-04-04,axe,ranked,immortal,last_hits_10min,57.1,19.5,12,8752120981,8752028863
2026-04-04,axe,turbo,guardian,last_hits_10min,40.1,21.7,12,8752350466,8752029660
2026-04-04,axe,turbo,crusader,last_hits_10min,41.5,15.3,15,8752027166,8752350188
2026-04-04,beastmaster,ranked,herald,last_hits_10min,32.9,22.9,13,8752089328,8752033304
2026-04-04,beastmaster,ranked,guardian,last_hits_10min,30.8,17.0,23,8752244838,8752028440
2026-04-04,beastmaster,ranked,crusader,last_hits_10min,47.2,14.2,16,8752189582,8752297816
2026-04-04,beastmaster,ranked,archon,last_hits_10min,43.3,18.5,19,8752139434,8752083221
2026-04-04,beastmaster,ranked,legend,last_hits_10min,41.1,15.4,12,8752283509,8752261254
2026-04-04,beastmaster,ranked,ancient,last_hits_10min,42.2,13.8,10,8752026526,8752090813
2026-04-04,beastmaster,ranked,divine,last_hits_10min,46.7,11.0,12,8752337458,8752024423
2026-04-04,beastmaster,ranked,immortal,last_hits_10min,53.8,13.4,16,8752049289,8752153040
2026-04-04,bloodseeker,turbo,herald,last_hits_10min,28.1,17.3,12,8752316200,8752028884
2026-04-04,bounty_hunter,ranked,crusader,last_hits_10min,12.6,11.3,11,8752167729,8752297816
2026-04-04,bounty_hunter,ranked,archon,last_hits_10min,10.2,9.2,10,8752051666,8752069481
2026-04-04,bounty_hunter,ranked,immortal,last_hits_10min,12.7,12.7,15,8752100759,8752031587
2026-04-04,bounty_hunter,turbo,crusader,last_hits_10min,20.1,12.3,11,8752044434,8752033336
2026-04-04,bristleback,ranked,herald,last_hits_10min,31.4,18.0,19,8752064628,8752023153
2026-04-04,bristleback,ranked,guardian,last_hits_10min,33.3,11.4,11,8752025077,8752029555
2026-04-04,bristleback,ranked,crusader,last_hits_10min,45.8,11.0,10,8752199984,8752023899
2026-04-04,bristleback,ranked,ancient,last_hits_10min,52.7,24.4,11,8752263514,8752025030
2026-04-04,bristleback,turbo,herald,last_hits_10min,31.2,13.8,10,8752359004,8752029927
2026-04-04,bristleback,turbo,guardian,last_hits_10min,35.8,16.7,12,8752049243,8752049853
2026-04-04,bristleback,turbo,archon,last_hits_10min,42.5,15.2,10,8752046688,8752047086
2026-04-04,broodmother,ranked,herald,last_hits_10min,37.1,16.2,14,8752277070,8752314553
2026-04-04,broodmother,ranked,guardian,last_hits_10min,44.4,9.7,28,8752208326,8752144193
2026-04-04,broodmother,ranked,crusader,last_hits_10min,43.5,14.3,24,8752193476,8752199984
2026-04-04,broodmother,ranked,archon,last_hits_10min,52.2,10.6,11,8752258005,8752050340
2026-04-04,broodmother,ranked,legend,last_hits_10min,45.1,12.5,13,8752076801,8752214309
2026-04-04,broodmother,turbo,herald,last_hits_10min,30.2,7.9,13,8752047106,8752031965
2026-04-04,broodmother,turbo,guardian,last_hits_10min,40.5,10.5,13,8752050027,8752033034
2026-04-04,centaur,ranked,herald,last_hits_10min,24.3,17.8,12,8752336006,8752145173
2026-04-04,centaur,ranked,guardian,last_hits_10min,40.6,12.5,10,8752030778,8752110279
2026-04-04,centaur,ranked,legend,last_hits_10min,44.6,15.8,11,8752027492,8752023941
2026-04-04,centaur,turbo,crusader,last_hits_10min,33.1,15.2,10,8752051389,8752046566
2026-04-04,clinkz,ranked,herald,last_hits_10min,22.2,14.5,10,8752230296,8752027780
2026-04-04,clinkz,ranked,guardian,last_hits_10min,43.9,14.2,16,8752130811,8752140489
2026-04-04,clinkz,ranked,immortal,last_hits_10min,50.1,24.3,11,8752094454,8752108684
2026-04-04,clinkz,turbo,herald,last_hits_10min,30.7,18.7,10,8752276671,8752048739
2026-04-04,clinkz,turbo,guardian,last_hits_10min,26.3,13.7,16,8752047686,8752023624
2026-04-04,clinkz,turbo,crusader,last_hits_10min,33.8,11.9,18,8752242148,8752032128
2026-04-04,crystal_maiden,ranked,herald,last_hits_10min,6.3,2.9,17,8752025399,8752030265
2026-04-04,crystal_maiden,ranked,guardian,last_hits_10min,9.3,6.8,21,8752028529,8752156447
2026-04-04,crystal_maiden,ranked,crusader,last_hits_10min,6.4,5.5,19,8752028642,8752216690
2026-04-04,crystal_maiden,ranked,archon,last_hits_10min,7.3,6.0,18,8752022965,8752201219
2026-04-04,crystal_maiden,ranked,legend,last_hits_10min,9.8,5.3,17,8752225580,8752175094
2026-04-04,crystal_maiden,ranked,ancient,last_hits_10min,9.2,7.9,17,8752310243,8752033286
2026-04-04,crystal_maiden,ranked,immortal,last_hits_10min,10.1,6.6,15,8752067556,8752028863
2026-04-04,crystal_maiden,turbo,herald,last_hits_10min,12.4,6.1,17,8752047107,8752032750
2026-04-04,crystal_maiden,turbo,guardian,last_hits_10min,12.4,10.4,10,8752032888,8752033486
2026-04-04,crystal_maiden,turbo,crusader,last_hits_10min,14.6,8.8,17,8752026932,8752047157
2026-04-04,crystal_maiden,turbo,archon,last_hits_10min,8.9,6.6,14,8752024369,8752044611
2026-04-04,dark_willow,ranked,legend,last_hits_10min,13.6,14.8,10,8752028985,8752027206
2026-04-04,dark_willow,ranked,divine,last_hits_10min,6.3,3.8,10,8752024423,8752024211
2026-04-04,dawnbreaker,ranked,archon,last_hits_10min,54.0,15.6,13,8752026465,8752144850
2026-04-04,dawnbreaker,ranked,legend,last_hits_10min,43.0,15.4,12,8752025849,8752068298
2026-04-04,dawnbreaker,ranked,divine,last_hits_10min,54.1,14.6,10,8752137378,8752289250
2026-04-04,dawnbreaker,ranked,immortal,last_hits_10min,47.8,15.3,16,8752134363,8752162571
2026-04-04,dawnbreaker,turbo,crusader,last_hits_10min,47.8,17.2,11,8752031987,8752046473
2026-04-04,dazzle,ranked,herald,last_hits_10min,13.3,11.2,10,8752034954,8752025939
2026-04-04,dazzle,ranked,crusader,last_hits_10min,10.4,10.8,18,8752224459,8752301766
2026-04-04,dazzle,ranked,archon,last_hits_10min,10.9,15.2,18,8752035029,8752034342
2026-04-04,dazzle,ranked,legend,last_hits_10min,7.5,4.3,13,8752032116,8752223415
2026-04-04,dazzle,ranked,ancient,last_hits_10min,9.2,4.6,11,8752311131,8752140104
2026-04-04,disruptor,ranked,archon,last_hits_10min,7.2,4.8,17,8752025434,8752193761
2026-04-04,disruptor,ranked,legend,last_hits_10min,8.1,5.1,11,8752030786,8752023263
2026-04-04,doom_bringer,ranked,guardian,last_hits_10min,33.5,14.5,13,8752346881,8752258609
2026-04-04,doom_bringer,ranked,crusader,last_hits_10min,42.2,12.4,18,8752028642,8752193476
2026-04-04,doom_bringer,ranked,archon,last_hits_10min,46.9,11.0,15,8752032728,8752034105
2026-04-04,doom_bringer,ranked,legend,last_hits_10min,52.2,17.2,17,8752028844,8752346437
2026-04-04,doom_bringer,ranked,ancient,last_hits_10min,48.8,14.8,13,8752024488,8752090813
2026-04-04,doom_bringer,ranked,divine,last_hits_10min,39.6,15.2,15,8752026321,8752219105
2026-04-04,doom_bringer,ranked,immortal,last_hits_10min,49.9,15.6,14,8752116226,8752180740
2026-04-04,doom_bringer,turbo,crusader,last_hits_10min,42.1,15.9,10,8752032202,8752045282
2026-04-04,dragon_knight,ranked,herald,last_hits_10min,35.9,16.5,11,8752184138,8752027207
2026-04-04,dragon_knight,ranked,guardian,last_hits_10min,27.9,13.6,14,8752034897,8752029555
2026-04-04,dragon_knight,ranked,crusader,last_hits_10min,45.7,11.8,10,8752281750,8752282065
2026-04-04,dragon_knight,ranked,archon,last_hits_10min,58.8,21.5,10,8752032258,8752024604
2026-04-04,drow_ranger,ranked,herald,last_hits_10min,41.4,15.3,16,8752214336,8752289312
2026-04-04,drow_ranger,ranked,guardian,last_hits_10min,41.8,14.9,18,8752028529,8752130387
2026-04-04,drow_ranger,ranked,crusader,last_hits_10min,47.5,16.9,24,8752176586,8752027069
2026-04-04,drow_ranger,ranked,archon,last_hits_10min,46.4,18.0,11,8752029602,8752135233
2026-04-04,drow_ranger,ranked,legend,last_hits_10min,57.5,10.6,17,8752216291,8752142166
2026-04-04,drow_ranger,ranked,divine,last_hits_10min,59.3,17.9,10,8752218118,8752050760
2026-04-04,drow_ranger,turbo,guardian,last_hits_10min,40.2,15.1,26,8752273622,8752039109
2026-04-04,drow_ranger,turbo,crusader,last_hits_10min,42.4,16.2,21,8752025557,8752050150
2026-04-04,drow_ranger,turbo,archon,last_hits_10min,52.2,13.2,18,8752028184,8752026510
2026-04-04,drow_ranger,turbo,legend,last_hits_10min,53.5,22.7,12,8752030444,8752033586
2026-04-04,earth_spirit,ranked,archon,last_hits_10min,24.3,19.9,15,8752024490,8752025540
2026-04-04,earthshaker,ranked,guardian,last_hits_10min,33.0,17.3,20,8752055032,8752144193
2026-04-04,earthshaker,ranked,crusader,last_hits_10min,31.8,19.3,27,8752023221,8752031765
2026-04-04,earthshaker,ranked,archon,last_hits_10min,33.9,20.9,19,8752030587,8752029547
2026-04-04,earthshaker,ranked,legend,last_hits_10min,22.0,16.4,17,8752024585,8752272838
2026-04-04,earthshaker,ranked,ancient,last_hits_10min,29.8,23.7,13,8752257191,8752349759
2026-04-04,earthshaker,ranked,divine,last_hits_10min,23.7,17.3,13,8752355459,8752025685
2026-04-04,earthshaker,turbo,herald,last_hits_10min,26.8,15.8,15,8752046627,8752030186
2026-04-04,earthshaker,turbo,guardian,last_hits_10min,27.6,15.2,20,8752032998,8752250343
2026-04-04,earthshaker,turbo,crusader,last_hits_10min,22.6,10.5,13,8752027929,8752047684
2026-04-04,earthshaker,turbo,archon,last_hits_10min,31.4,13.1,17,8752030802,8752034594
2026-04-04,ember_spirit,ranked,crusader,last_hits_10min,41.3,16.1,13,8752186016,8752028873
2026-04-04,ember_spirit,ranked,archon,last_hits_10min,54.7,15.0,11,8752031924,8752229605
2026-04-04,ember_spirit,ranked,legend,last_hits_10min,51.1,12.3,12,8752028985,8752130226
2026-04-04,ember_spirit,ranked,ancient,last_hits_10min,51.2,13.9,12,8752110000,8752241522
2026-04-04,ember_spirit,ranked,immortal,last_hits_10min,51.9,12.4,18,8752030408,8752193882
2026-04-04,faceless_void,ranked,guardian,last_hits_10min,32.0,16.0,13,8752028529,8752271593
2026-04-04,faceless_void,ranked,crusader,last_hits_10min,46.5,12.3,14,8752023515,8752233990
2026-04-04,faceless_void,ranked,archon,last_hits_10min,43.9,10.9,20,8752031559,8752347649
2026-04-04,faceless_void,ranked,legend,last_hits_10min,36.3,12.8,17,8752076801,8752090494
2026-04-04,faceless_void,ranked,immortal,last_hits_10min,43.6,13.6,10,8752244188,8752031587
2026-04-04,faceless_void,turbo,guardian,last_hits_10min,38.2,15.1,11,8752034256,8752032888
2026-04-04,faceless_void,turbo,crusader,last_hits_10min,51.3,18.5,12,8752358124,8752027155
2026-04-04,faceless_void,turbo,archon,last_hits_10min,45.2,10.1,15,8752032918,8752031927
2026-04-04,faceless_void,turbo,legend,last_hits_10min,59.2,19.2,11,8752028914,8752353167
2026-04-04,furion,ranked,herald,last_hits_10min,24.3,17.2,18,8752207122,8752338725
2026-04-04,furion,ranked,guardian,last_hits_10min,23.6,17.7,19,8752356044,8752241248
2026-04-04,furion,ranked,crusader,last_hits_10min,24.3,20.8,15,8752032234,8752212787
2026-04-04,furion,turbo,guardian,last_hits_10min,39.5,20.4,11,8752045207,8752030301
2026-04-04,grimstroke,ranked,archon,last_hits_10min,7.6,4.5,10,8752024436,8752346544
2026-04-04,grimstroke,ranked,immortal,last_hits_10min,12.1,20.5,10,8752032129,8752124044
2026-04-04,gyrocopter,ranked,guardian,last_hits_10min,35.2,24.2,12,8752340109,8752028487
2026-04-04,gyrocopter,ranked,archon,last_hits_10min,36.2,26.1,11,8752283939,8752028301
2026-04-04,hoodwink,ranked,herald,last_hits_10min,10.7,5.0,10,8752172199,8752340671
2026-04-04,hoodwink,ranked,guardian,last_hits_10min,15.2,15.6,21,8752196590,8752226572
2026-04-04,hoodwink,ranked,crusader,last_hits_10min,8.9,12.5,22,8752024805,8752233990
2026-04-04,hoodwink,ranked,archon,last_hits_10min,14.8,15.9,20,8752034379,8752029547
2026-04-04,hoodwink,ranked,legend,last_hits_10min,5.8,4.1,13,8752048614,8752024316
2026-04-04,hoodwink,ranked,immortal,last_hits_10min,12.0,12.2,13,8752090401,8752028527
2026-04-04,hoodwink,turbo,guardian,last_hits_10min,18.5,12.0,12,8752048718,8752033770
2026-04-04,hoodwink,turbo,crusader,last_hits_10min,16.1,12.0,11,8752034872,8752028416
2026-04-04,huskar,ranked,herald,last_hits_10min,36.3,12.1,18,8752064628,8752152652
2026-04-04,huskar,ranked,guardian,last_hits_10min,46.5,28.1,30,8752030735,8752228910
2026-04-04,huskar,ranked,crusader,last_hits_10min,55.5,22.0,13,8752138425,8752094021
2026-04-04,huskar,ranked,archon,last_hits_10min,60.7,18.7,11,8752332259,8752349039
2026-04-04,huskar,ranked,legend,last_hits_10min,48.6,19.4,17,8752032116,8752349939
2026-04-04,huskar,ranked,ancient,last_hits_10min,64.2,19.1,12,8752147443,8752183043
2026-04-04,huskar,ranked,immortal,last_hits_10min,67.3,28.9,13,8752067649,8752264410
2026-04-04,huskar,turbo,herald,last_hits_10min,31.8,13.8,11,8752046561,8752293940
2026-04-04,huskar,turbo,guardian,last_hits_10min,27.0,13.7,12,8752032998,8752026092
2026-04-04,huskar,turbo,crusader,last_hits_10min,44.9,18.0,13,8752030865,8752242148
2026-04-04,huskar,turbo,archon,last_hits_10min,40.4,17.2,14,8752259943,8752027403
2026-04-04,invoker,ranked,herald,last_hits_10min,20.6,20.2,13,8752036840,8752030072
2026-04-04,invoker,ranked,guardian,last_hits_10min,20.0,15.4,42,8752034589,8752048192
2026-04-04,invoker,ranked,crusader,last_hits_10min,24.4,17.3,41,8752155727,8752032221
2026-04-04,invoker,ranked,archon,last_hits_10min,25.3,17.3,45,8752026665,8752023626
2026-04-04,invoker,ranked,legend,last_hits_10min,26.5,19.2,32,8752174901,8752028841
2026-04-04,invoker,ranked,ancient,last_hits_10min,25.9,18.3,22,8752095400,8752026174
2026-04-04,invoker,ranked,divine,last_hits_10min,32.7,20.7,17,8752337115,8752200467
2026-04-04,invoker,ranked,immortal,last_hits_10min,36.5,18.1,31,8752187337,8752184664
2026-04-04,invoker,turbo,herald,last_hits_10min,17.1,7.0,20,8752032589,8752344692
2026-04-04,invoker,turbo,guardian,last_hits_10min,18.9,11.3,36,8752027524,8752275764
2026-04-04,invoker,turbo,crusader,last_hits_10min,24.4,12.6,31,8752046619,8752247489
2026-04-04,invoker,turbo,archon,last_hits_10min,23.8,15.5,39,8752034365,8752025846
2026-04-04,invoker,turbo,legend,last_hits_10min,24.0,12.1,22,8752027806,8752038475
2026-04-04,jakiro,ranked,herald,last_hits_10min,15.2,16.1,12,8752025192,8752230296
2026-04-04,jakiro,ranked,guardian,last_hits_10min,16.1,17.1,19,8752030905,8752213723
2026-04-04,jakiro,ranked,crusader,last_hits_10min,7.4,4.2,17,8752031342,8752025239
2026-04-04,jakiro,ranked,archon,last_hits_10min,10.7,10.9,17,8752075733,8752110115
2026-04-04,jakiro,ranked,legend,last_hits_10min,10.3,11.7,19,8752064103,8752346437
2026-04-04,jakiro,ranked,ancient,last_hits_10min,12.1,7.1,17,8752025483,8752029569
2026-04-04,jakiro,ranked,divine,last_hits_10min,7.9,5.3,10,8752092107,8752093994
2026-04-04,jakiro,ranked,immortal,last_hits_10min,9.6,5.7,19,8752032390,8752321000
2026-04-04,jakiro,turbo,crusader,last_hits_10min,19.4,15.7,14,8752030000,8752028631
2026-04-04,juggernaut,ranked,guardian,last_hits_10min,36.5,21.2,20,8752305517,8752040260
2026-04-04,juggernaut,ranked,crusader,last_hits_10min,48.6,14.5,26,8752222371,8752038609
2026-04-04,juggernaut,ranked,archon,last_hits_10min,48.9,17.0,23,8752032728,8752069481
2026-04-04,juggernaut,ranked,legend,last_hits_10min,51.9,11.6,18,8752349939,8752035645
2026-04-04,juggernaut,ranked,ancient,last_hits_10min,54.1,14.9,16,8752246356,8752274234
2026-04-04,juggernaut,ranked,divine,last_hits_10min,57.2,16.4,10,8752023568,8752152591
2026-04-04,juggernaut,turbo,herald,last_hits_10min,37.6,24.1,10,8752249159,8752046310
2026-04-04,juggernaut,turbo,guardian,last_hits_10min,54.7,25.8,13,8752027679,8752029814
2026-04-04,juggernaut,turbo,crusader,last_hits_10min,51.4,20.8,11,8752052448,8752026361
2026-04-04,juggernaut,turbo,archon,last_hits_10min,60.4,11.7,12,8752028198,8752034373
2026-04-04,keeper_of_the_light,ranked,ancient,last_hits_10min,53.7,30.7,11,8752070933,8752069763
2026-04-04,kez,ranked,crusader,last_hits_10min,44.9,13.2,11,8752263861,8752207664
2026-04-04,kez,ranked,archon,last_hits_10min,49.7,9.9,13,8752034162,8752212439
2026-04-04,kez,ranked,legend,last_hits_10min,43.4,18.6,10,8752348650,8752220547
2026-04-04,kunkka,ranked,archon,last_hits_10min,61.6,15.7,10,8752075733,8752071904
2026-04-04,legion_commander,ranked,herald,last_hits_10min,33.2,14.9,22,8752029227,8752094287
2026-04-04,legion_commander,ranked,guardian,last_hits_10min,43.1,16.3,44,8752033035,8752025378
2026-04-04,legion_commander,ranked,crusader,last_hits_10min,44.2,13.9,30,8752023673,8752024704
2026-04-04,legion_commander,ranked,archon,last_hits_10min,46.3,11.6,26,8752026568,8752186518
2026-04-04,legion_commander,ranked,legend,last_hits_10min,43.8,13.2,24,8752335249,8752037688
2026-04-04,legion_commander,ranked,ancient,last_hits_10min,48.7,12.8,12,8752198130,8752315009
2026-04-04,legion_commander,ranked,divine,last_hits_10min,46.1,12.8,13,8752241195,8752070366
2026-04-04,legion_commander,ranked,immortal,last_hits_10min,54.9,16.8,17,8752067649,8752095944
2026-04-04,legion_commander,turbo,herald,last_hits_10min,31.9,13.6,16,8752029118,8752265419
2026-04-04,legion_commander,turbo,guardian,last_hits_10min,38.4,14.4,20,8752359127,8752032149
2026-04-04,legion_commander,turbo,crusader,last_hits_10min,40.9,11.0,18,8752024010,8752034431
2026-04-04,legion_commander,turbo,archon,last_hits_10min,39.7,15.8,19,8752027781,8752027403
2026-04-04,legion_commander,turbo,legend,last_hits_10min,38.1,11.6,19,8752032119,8752028641
2026-04-04,leshrac,ranked,crusader,last_hits_10min,35.2,20.4,14,8752034995,8752201083
2026-04-04,leshrac,ranked,archon,last_hits_10min,38.8,19.1,14,8752347649,8752048712
2026-04-04,leshrac,ranked,legend,last_hits_10min,43.2,21.0,13,8752024966,8752286638
2026-04-04,leshrac,ranked,ancient,last_hits_10min,50.5,11.5,13,8752058104,8752199322
2026-04-04,leshrac,ranked,immortal,last_hits_10min,57.3,12.8,12,8752203660,8752193882
2026-04-04,lich,ranked,guardian,last_hits_10min,6.8,5.6,13,8752023730,8752059160
2026-04-04,lich,ranked,crusader,last_hits_10min,6.6,3.8,13,8752189582,8752023850
2026-04-04,lich,ranked,archon,last_hits_10min,7.9,8.8,25,8752235082,8752175531
2026-04-04,lich,ranked,legend,last_hits_10min,7.0,4.8,27,8752027242,8752035017
2026-04-04,lich,ranked,ancient,last_hits_10min,8.9,3.8,15,8752030110,8752033194
2026-04-04,lich,ranked,divine,last_hits_10min,8.6,5.0,15,8752026058,8752348711
2026-04-04,lich,turbo,herald,last_hits_10min,17.7,9.9,10,8752273461,8752026005
2026-04-04,lich,turbo,guardian,last_hits_10min,15.1,8.3,10,8752245009,8752027490
2026-04-04,lich,turbo,crusader,last_hits_10min,17.2,8.9,12,8752049045,8752028814
2026-04-04,life_stealer,ranked,herald,last_hits_10min,29.8,19.7,16,8752076535,8752336538
2026-04-04,life_stealer,ranked,guardian,last_hits_10min,43.6,13.4,29,8752198235,8752023086
2026-04-04,life_stealer,ranked,crusader,last_hits_10min,42.5,13.8,28,8752135366,8752024144
2026-04-04,life_stealer,ranked,archon,last_hits_10min,47.5,13.3,19,8752026572,8752028927
2026-04-04,life_stealer,ranked,legend,last_hits_10min,46.1,11.8,31,8752031197,8752269880
2026-04-04,life_stealer,ranked,ancient,last_hits_10min,53.2,14.0,17,8752274234,8752025189
2026-04-04,life_stealer,ranked,divine,last_hits_10min,51.2,10.6,21,8752023721,8752050760
2026-04-04,life_stealer,ranked,immortal,last_hits_10min,50.1,11.7,18,8752318553,8752027786
2026-04-04,life_stealer,turbo,herald,last_hits_10min,32.5,13.6,15,8752032750,8752032589
2026-04-04,life_stealer,turbo,guardian,last_hits_10min,30.2,14.3,24,8752270381,8752029246
2026-04-04,life_stealer,turbo,crusader,last_hits_10min,53.8,20.7,17,8752032310,8752028814
2026-04-04,life_stealer,turbo,archon,last_hits_10min,56.6,12.5,11,8752271763,8752032918
2026-04-04,life_stealer,turbo,legend,last_hits_10min,50.3,15.7,11,8752047655,8752034290
2026-04-04,lina,ranked,herald,last_hits_10min,29.2,18.1,13,8752055739,8752257359
2026-04-04,lina,ranked,guardian,last_hits_10min,39.8,16.8,17,8752094640,8752059045
2026-04-04,lina,ranked,crusader,last_hits_10min,35.5,23.1,19,8752350840,8752139492
2026-04-04,lina,ranked,archon,last_hits_10min,46.3,17.9,21,8752213818,8752024544
2026-04-04,lina,ranked,legend,last_hits_10min,30.1,26.2,10,8752261254,8752024752
2026-04-04,lina,ranked,divine,last_hits_10min,43.6,25.2,16,8752283727,8752024176
2026-04-04,lina,ranked,immortal,last_hits_10min,62.1,23.0,11,8752170282,8752248080
2026-04-04,lina,turbo,herald,last_hits_10min,29.1,17.8,14,8752251585,8752344692
2026-04-04,lina,turbo,guardian,last_hits_10min,44.7,21.3,18,8752027679,8752240022
2026-04-04,lion,ranked,herald,last_hits_10min,10.5,8.0,24,8752143021,8752025889
2026-04-04,lion,ranked,guardian,last_hits_10min,11.2,16.5,42,8752023111,8752028529
2026-04-04,lion,ranked,crusader,last_hits_10min,10.9,13.8,68,8752038609,8752023515
2026-04-04,lion,ranked,archon,last_hits_10min,11.8,12.8,43,8752032258,8752034399
2026-04-04,lion,ranked,legend,last_hits_10min,6.5,3.9,35,8752023236,8752028985
2026-04-04,lion,ranked,ancient,last_hits_10min,11.7,13.6,22,8752070933,8752273998
2026-04-04,lion,ranked,divine,last_hits_10min,11.9,12.9,20,8752028954,8752126713
2026-04-04,lion,ranked,immortal,last_hits_10min,8.8,9.4,23,8752067649,8752312243
2026-04-04,lion,turbo,herald,last_hits_10min,11.4,8.2,22,8752349981,8752353966
2026-04-04,lion,turbo,guardian,last_hits_10min,15.0,10.9,29,8752029246,8752033358
2026-04-04,lion,turbo,crusader,last_hits_10min,10.5,9.3,31,8752033223,8752030305
2026-04-04,lion,turbo,archon,last_hits_10min,9.8,10.1,20,8752028804,8752033485
2026-04-04,lion,turbo,legend,last_hits_10min,10.1,8.2,16,8752026956,8752032119
2026-04-04,lone_druid,ranked,guardian,last_hits_10min,23.4,6.5,11,8752087680,8752056144
2026-04-04,lone_druid,ranked,legend,last_hits_10min,27.5,8.0,10,8752023514,8752204539
2026-04-04,luna,ranked,herald,last_hits_10min,46.2,33.8,14,8752186421,8752025399
2026-04-04,luna,ranked,guardian,last_hits_10min,50.4,12.6,12,8752095219,8752307982
2026-04-04,luna,ranked,crusader,last_hits_10min,60.7,16.5,21,8752031921,8752297289
2026-04-04,luna,ranked,archon,last_hits_10min,59.4,14.6,12,8752036029,8752026465
2026-04-04,luna,ranked,legend,last_hits_10min,62.1,18.3,22,8752133131,8752337952
2026-04-04,luna,ranked,ancient,last_hits_10min,70.1,17.9,13,8752201036,8752315399
2026-04-04,luna,ranked,divine,last_hits_10min,66.9,17.6,15,8752028655,8752346461
2026-04-04,luna,ranked,immortal,last_hits_10min,73.2,15.4,16,8752203660,8752277376
2026-04-04,magnataur,ranked,guardian,last_hits_10min,27.9,20.5,16,8752194938,8752336280
2026-04-04,magnataur,ranked,crusader,last_hits_10min,25.8,18.3,11,8752026736,8752023364
2026-04-04,magnataur,ranked,archon,last_hits_10min,28.6,20.5,20,8752069481,8752026765
2026-04-04,magnataur,ranked,legend,last_hits_10min,32.4,17.6,16,8752153597,8752024013
2026-04-04,magnataur,ranked,ancient,last_hits_10min,36.7,23.9,11,8752028834,8752023244
2026-04-04,magnataur,ranked,divine,last_hits_10min,32.6,18.2,17,8752355459,8752238586
2026-04-04,magnataur,ranked,immortal,last_hits_10min,31.5,24.3,11,8752027786,8752025911
2026-04-04,magnataur,turbo,guardian,last_hits_10min,22.1,16.3,11,8752273078,8752029740
2026-04-04,magnataur,turbo,crusader,last_hits_10min,31.2,14.8,11,8752030978,8752033301
2026-04-04,magnataur,turbo,archon,last_hits_10min,33.6,15.1,12,8752027533,8752269335
2026-04-04,magnataur,turbo,legend,last_hits_10min,23.6,18.4,11,8752240178,8752028299
2026-04-04,marci,ranked,crusader,last_hits_10min,30.7,22.5,19,8752328662,8752024144
2026-04-04,marci,ranked,archon,last_hits_10min,36.2,18.3,10,8752062579,8752099194
2026-04-04,marci,ranked,legend,last_hits_10min,24.8,21.3,15,8752096044,8752348361
2026-04-04,marci,ranked,immortal,last_hits_10min,10.7,12.1,13,8752098230,8752032390
2026-04-04,mars,ranked,guardian,last_hits_10min,30.1,11.4,11,8752192336,8752028424
2026-04-04,mars,ranked,crusader,last_hits_10min,35.1,11.8,14,8752219931,8752031921
2026-04-04,mars,ranked,archon,last_hits_10min,45.7,11.3,10,8752027287,8752347649
2026-04-04,mars,ranked,legend,last_hits_10min,38.3,18.9,14,8752025446,8752080590
2026-04-04,mars,ranked,ancient,last_hits_10min,40.4,20.8,20,8752058104,8752090813
2026-04-04,mars,ranked,immortal,last_hits_10min,39.6,15.0,17,8752231508,8752098230
2026-04-04,medusa,ranked,guardian,last_hits_10min,44.4,19.4,11,8752040260,8752340109
2026-04-04,medusa,ranked,legend,last_hits_10min,60.4,17.9,11,8752027785,8752026049
2026-04-04,meepo,ranked,guardian,last_hits_10min,63.3,28.9,13,8752059045,8752028644
2026-04-04,meepo,ranked,crusader,last_hits_10min,76.0,15.6,11,8752031765,8752231359
2026-04-04,meepo,ranked,divine,last_hits_10min,78.5,18.2,11,8752238679,8752149868
2026-04-04,meepo,ranked,immortal,last_hits_10min,78.9,19.9,13,8752098470,8752355481
2026-04-04,mirana,ranked,guardian,last_hits_10min,20.2,11.4,12,8752028529,8752028475
2026-04-04,mirana,ranked,crusader,last_hits_10min,17.0,15.7,13,8752032402,8752146436
2026-04-04,mirana,ranked,archon,last_hits_10min,14.5,7.9,11,8752022965,8752023626
2026-04-04,mirana,turbo,guardian,last_hits_10min,30.4,17.3,12,8752028826,8752046564
2026-04-04,mirana,turbo,crusader,last_hits_10min,23.2,14.0,13,8752030467,8752034615
2026-04-04,mirana,turbo,archon,last_hits_10min,37.2,18.9,12,8752046480,8752358140
2026-04-04,mirana,turbo,legend,last_hits_10min,34.5,16.2,10,8752353608,8752047432
2026-04-04,monkey_king,ranked,guardian,last_hits_10min,30.7,22.0,14,8752100825,8752025499
2026-04-04,monkey_king,ranked,crusader,last_hits_10min,40.9,19.9,16,8752031765,8752026847
2026-04-04,monkey_king,ranked,archon,last_hits_10min,49.8,15.2,12,8752149413,8752263548
2026-04-04,monkey_king,ranked,legend,last_hits_10min,51.5,12.1,17,8752188172,8752290111
2026-04-04,monkey_king,ranked,ancient,last_hits_10min,49.6,12.4,12,8752286068,8752181578
2026-04-04,monkey_king,ranked,divine,last_hits_10min,55.6,16.4,12,8752028655,8752031763
2026-04-04,monkey_king,ranked,immortal,last_hits_10min,48.8,15.3,26,8752024922,8752120965
2026-04-04,monkey_king,turbo,guardian,last_hits_10min,32.4,7.1,10,8752042722,8752031232
2026-04-04,monkey_king,turbo,crusader,last_hits_10min,40.6,9.7,12,8752049398,8752028979
2026-04-04,monkey_king,turbo,archon,last_hits_10min,45.4,20.1,11,8752027533,8752023902
2026-04-04,morphling,ranked,herald,last_hits_10min,28.6,24.4,12,8752029352,8752118938
2026-04-04,morphling,ranked,guardian,last_hits_10min,29.3,23.5,20,8752023292,8752163230
2026-04-04,morphling,ranked,crusader,last_hits_10min,42.2,17.1,11,8752169418,8752143140
2026-04-04,morphling,ranked,archon,last_hits_10min,50.9,13.4,12,8752035238,8752349039
2026-04-04,morphling,ranked,legend,last_hits_10min,55.4,14.4,11,8752030786,8752070876
2026-04-04,morphling,ranked,immortal,last_hits_10min,64.2,12.0,13,8752074233,8752059082
2026-04-04,morphling,turbo,guardian,last_hits_10min,37.1,18.4,10,8752026092,8752026481
2026-04-04,muerta,ranked,crusader,last_hits_10min,40.9,21.6,14,8752033070,8752148768
2026-04-04,muerta,ranked,immortal,last_hits_10min,49.6,28.6,12,8752040630,8752153040
2026-04-04,muerta,turbo,guardian,last_hits_10min,41.9,19.3,14,8752027679,8752033703
2026-04-04,necrolyte,ranked,herald,last_hits_10min,39.7,14.0,15,8752192543,8752340164
2026-04-04,necrolyte,ranked,guardian,last_hits_10min,47.0,22.4,37,8752330245,8752262801
2026-04-04,necrolyte,ranked,crusader,last_hits_10min,57.4,23.3,30,8752031613,8752032972
2026-04-04,necrolyte,ranked,archon,last_hits_10min,59.7,18.4,21,8752025847,8752152764
2026-04-04,necrolyte,ranked,legend,last_hits_10min,56.9,15.6,24,8752024112,8752076801
2026-04-04,necrolyte,ranked,ancient,last_hits_10min,59.6,10.6,16,8752026637,8752356996
2026-04-04,necrolyte,ranked,divine,last_hits_10min,64.6,16.7,12,8752028812,8752162798
2026-04-04,necrolyte,ranked,immortal,last_hits_10min,60.9,20.4,15,8752053668,8752249175
2026-04-04,necrolyte,turbo,herald,last_hits_10min,39.6,13.9,14,8752358886,8752048986
2026-04-04,necrolyte,turbo,guardian,last_hits_10min,34.6,11.8,12,8752023435,8752047686
2026-04-04,necrolyte,turbo,crusader,last_hits_10min,38.1,20.6,13,8752047684,8752038319
2026-04-04,necrolyte,turbo,archon,last_hits_10min,44.5,20.7,12,8752030802,8752275456
2026-04-04,nevermore,ranked,herald,last_hits_10min,44.8,18.7,16,8752027780,8752076535
2026-04-04,nevermore,ranked,guardian,last_hits_10min,58.0,17.6,25,8752277930,8752258609
2026-04-04,nevermore,ranked,crusader,last_hits_10min,59.5,18.3,34,8752023223,8752241965
2026-04-04,nevermore,ranked,archon,last_hits_10min,60.1,22.9,27,8752255863,8752081630
2026-04-04,nevermore,ranked,legend,last_hits_10min,62.3,21.6,37,8752189107,8752339497
2026-04-04,nevermore,ranked,ancient,last_hits_10min,62.0,23.9,20,8752160658,8752023731
2026-04-04,nevermore,ranked,divine,last_hits_10min,70.5,18.6,10,8752237120,8752122830
2026-04-04,nevermore,ranked,immortal,last_hits_10min,68.2,20.6,17,8752224537,8752208341
2026-04-04,nevermore,turbo,herald,last_hits_10min,41.3,18.8,21,8752249915,8752032317
2026-04-04,nevermore,turbo,guardian,last_hits_10min,50.6,20.8,27,8752031496,8752026499
2026-04-04,nevermore,turbo,crusader,last_hits_10min,54.1,25.5,14,8752029381,8752039446
2026-04-04,nevermore,turbo,archon,last_hits_10min,66.3,26.4,19,8752039525,8752049405
2026-04-04,nevermore,turbo,legend,last_hits_10min,63.4,16.9,10,8752032049,8752032222
2026-04-04,night_stalker,ranked,crusader,last_hits_10min,42.1,12.5,17,8752109873,8752231331
2026-04-04,night_stalker,ranked,archon,last_hits_10min,52.6,7.0,14,8752075733,8752022965
2026-04-04,night_stalker,ranked,legend,last_hits_10min,42.6,15.3,20,8752265401,8752179735
2026-04-04,night_stalker,ranked,ancient,last_hits_10min,50.5,10.5,15,8752025030,8752028352
2026-04-04,night_stalker,ranked,divine,last_hits_10min,55.9,7.9,10,8752337115,8752024176
2026-04-04,night_stalker,ranked,immortal,last_hits_10min,46.9,20.7,23,8752144245,8752049289
2026-04-04,nyx_assassin,ranked,guardian,last_hits_10min,11.6,8.9,13,8752198235,8752056144
2026-04-04,nyx_assassin,ranked,archon,last_hits_10min,14.6,14.6,10,8752025434,8752055572
2026-04-04,nyx_assassin,ranked,legend,last_hits_10min,11.5,10.9,12,8752348361,8752048614
2026-04-04,nyx_assassin,ranked,immortal,last_hits_10min,11.4,10.4,18,8752199010,8752024937
2026-04-04,nyx_assassin,turbo,crusader,last_hits_10min,13.3,13.4,10,8752038319,8752033887
2026-04-04,obsidian_destroyer,ranked,crusader,last_hits_10min,45.4,13.1,11,8752044499,8752023850
2026-04-04,ogre_magi,ranked,herald,last_hits_10min,17.0,14.3,22,8752023239,8752023395
2026-04-04,ogre_magi,ranked,guardian,last_hits_10min,16.2,15.7,21,8752028644,8752025355
2026-04-04,ogre_magi,ranked,crusader,last_hits_10min,17.4,14.2,28,8752023723,8752138425
2026-04-04,ogre_magi,ranked,archon,last_hits_10min,16.5,17.1,23,8752279649,8752026665
2026-04-04,ogre_magi,ranked,legend,last_hits_10min,18.3,19.7,24,8752056098,8752023650
2026-04-04,ogre_magi,ranked,ancient,last_hits_10min,14.9,14.5,18,8752033194,8752025030
2026-04-04,ogre_magi,ranked,divine,last_hits_10min,22.5,16.7,12,8752023644,8752295070
2026-04-04,ogre_magi,ranked,immortal,last_hits_10min,21.0,23.1,16,8752247947,8752108684
2026-04-04,ogre_magi,turbo,herald,last_hits_10min,24.0,7.9,16,8752260006,8752344738
2026-04-04,ogre_magi,turbo,guardian,last_hits_10min,28.0,16.5,34,8752027490,8752033383
2026-04-04,ogre_magi,turbo,crusader,last_hits_10min,23.3,15.1,37,8752032310,8752051057
2026-04-04,ogre_magi,turbo,archon,last_hits_10min,26.4,15.9,27,8752345903,8752024577
2026-04-04,ogre_magi,turbo,legend,last_hits_10min,28.3,16.7,23,8752249161,8752025807
2026-04-04,oracle,ranked,archon,last_hits_10min,7.5,10.1,10,8752174348,8752034399
2026-04-04,oracle,ranked,legend,last_hits_10min,6.5,2.4,11,8752240570,8752130409
2026-04-04,oracle,ranked,ancient,last_hits_10min,9.4,4.6,10,8752274234,8752358506
2026-04-04,oracle,ranked,immortal,last_hits_10min,6.9,2.7,12,8752214808,8752308982
2026-04-04,pangolier,ranked,archon,last_hits_10min,41.7,18.7,12,8752100088,8752081630
2026-04-04,pangolier,ranked,divine,last_hits_10min,57.9,8.9,10,8752026788,8752351921
2026-04-04,pangolier,ranked,immortal,last_hits_10min,54.4,15.7,24,8752031587,8752249175
2026-04-04,phantom_assassin,ranked,herald,last_hits_10min,29.1,14.6,15,8752155250,8752338725
2026-04-04,phantom_assassin,ranked,guardian,last_hits_10min,42.4,16.1,26,8752026671,8752215668
2026-04-04,phantom_assassin,ranked,crusader,last_hits_10min,41.0,16.3,17,8752028642,8752167729
2026-04-04,phantom_assassin,ranked,archon,last_hits_10min,34.6,12.5,14,8752071904,8752025933
2026-04-04,phantom_assassin,ranked,legend,last_hits_10min,35.0,12.8,13,8752030318,8752024013
2026-04-04,phantom_assassin,turbo,herald,last_hits_10min,35.3,19.4,16,8752258795,8752353966
2026-04-04,phantom_assassin,turbo,guardian,last_hits_10min,42.8,18.9,21,8752256958,8752030417
2026-04-04,phantom_assassin,turbo,crusader,last_hits_10min,46.0,17.8,27,8752046566,8752259151
2026-04-04,phantom_assassin,turbo,legend,last_hits_10min,63.8,20.9,11,8752028584,8752035115
2026-04-04,phantom_lancer,ranked,herald,last_hits_10min,34.5,15.7,12,8752033042,8752335471
2026-04-04,phantom_lancer,ranked,guardian,last_hits_10min,39.8,15.2,15,8752262801,8752313504
2026-04-04,phantom_lancer,ranked,crusader,last_hits_10min,40.3,6.9,11,8752302397,8752140233
2026-04-04,phantom_lancer,ranked,archon,last_hits_10min,51.8,12.3,12,8752279649,8752202558
2026-04-04,phantom_lancer,turbo,herald,last_hits_10min,22.6,11.0,15,8752249159,8752031874
2026-04-04,phantom_lancer,turbo,guardian,last_hits_10min,33.1,10.0,10,8752047498,8752026618
2026-04-04,phantom_lancer,turbo,crusader,last_hits_10min,32.7,12.2,10,8752023498,8752033223
2026-04-04,phoenix,ranked,archon,last_hits_10min,31.7,23.6,11,8752100088,8752213818
2026-04-04,phoenix,ranked,legend,last_hits_10min,31.5,26.7,11,8752074053,8752265401
2026-04-04,phoenix,ranked,divine,last_hits_10min,22.2,17.4,14,8752062162,8752144719
2026-04-04,phoenix,ranked,immortal,last_hits_10min,34.1,27.5,14,8752248864,8752272289
2026-04-04,puck,ranked,archon,last_hits_10min,46.4,19.6,10,8752114361,8752144850
2026-04-04,puck,ranked,divine,last_hits_10min,44.5,13.9,10,8752137378,8752298610
2026-04-04,puck,ranked,immortal,last_hits_10min,51.6,13.1,13,8752183682,8752040630
2026-04-04,pudge,ranked,herald,last_hits_10min,15.9,13.1,39,8752086699,8752186421
2026-04-04,pudge,ranked,guardian,last_hits_10min,21.1,17.5,64,8752356044,8752026023
2026-04-04,pudge,ranked,crusader,last_hits_10min,22.0,19.1,58,8752084948,8752328662
2026-04-04,pudge,ranked,archon,last_hits_10min,23.8,18.8,47,8752027972,8752024994
2026-04-04,pudge,ranked,legend,last_hits_10min,20.3,17.1,36,8752102700,8752027537
2026-04-04,pudge,ranked,ancient,last_hits_10min,17.5,18.7,22,8752073640,8752190603
2026-04-04,pudge,ranked,divine,last_hits_10min,20.8,19.1,38,8752132765,8752057973
2026-04-04,pudge,ranked,immortal,last_hits_10min,22.5,19.2,39,8752215265,8752090401
2026-04-04,pudge,turbo,herald,last_hits_10min,19.2,13.4,33,8752265419,8752028884
2026-04-04,pudge,turbo,guardian,last_hits_10min,17.5,9.5,35,8752026092,8752026481
2026-04-04,pudge,turbo,crusader,last_hits_10min,20.7,13.1,46,8752030822,8752247565
2026-04-04,pudge,turbo,archon,last_hits_10min,17.6,15.6,39,8752032631,8752028819
2026-04-04,pudge,turbo,legend,last_hits_10min,23.1,12.2,25,8752030193,8752027014
2026-04-04,pudge,turbo,ancient,last_hits_10min,19.1,15.5,14,8752034536,8752027617
2026-04-04,pugna,ranked,crusader,last_hits_10min,26.0,23.6,11,8752023899,8752251800
2026-04-04,queenofpain,ranked,guardian,last_hits_10min,40.3,13.6,14,8752023292,8752286298
2026-04-04,queenofpain,ranked,crusader,last_hits_10min,34.5,17.9,19,8752023190,8752024805
2026-04-04,queenofpain,ranked,archon,last_hits_10min,35.5,19.3,24,8752034162,8752208459
2026-04-04,queenofpain,ranked,legend,last_hits_10min,43.9,19.3,22,8752023514,8752024385
2026-04-04,queenofpain,ranked,ancient,last_hits_10min,44.7,17.7,18,8752025682,8752033286
2026-04-04,queenofpain,ranked,divine,last_hits_10min,38.9,17.0,15,8752024176,8752028954
2026-04-04,queenofpain,ranked,immortal,last_hits_10min,48.5,22.5,21,8752209538,8752094454
2026-04-04,queenofpain,turbo,guardian,last_hits_10min,29.7,14.4,17,8752034475,8752029740
2026-04-04,queenofpain,turbo,crusader,last_hits_10min,32.9,13.4,15,8752028397,8752051249
2026-04-04,queenofpain,turbo,archon,last_hits_10min,29.7,14.4,11,8752026962,8752033332
2026-04-04,razor,ranked,crusader,last_hits_10min,49.6,11.0,11,8752023223,8752272394
2026-04-04,riki,turbo,herald,last_hits_10min,24.5,13.1,10,8752034520,8752029118
2026-04-04,riki,turbo,archon,last_hits_10min,30.5,15.3,15,8752028729,8752028111
2026-04-04,rubick,ranked,herald,last_hits_10min,18.2,12.1,13,8752023830,8752350669
2026-04-04,rubick,ranked,guardian,last_hits_10min,11.7,7.3,14,8752036050,8752030469
2026-04-04,rubick,ranked,crusader,last_hits_10min,23.7,20.3,37,8752028866,8752189582
2026-04-04,rubick,ranked,archon,last_hits_10min,20.9,19.3,36,8752024994,8752306667
2026-04-04,rubick,ranked,legend,last_hits_10min,18.0,14.9,43,8752023783,8752023992
2026-04-04,rubick,ranked,ancient,last_hits_10min,23.5,21.6,32,8752274827,8752160658
2026-04-04,rubick,ranked,divine,last_hits_10min,18.1,13.2,24,8752144719,8752162798
2026-04-04,rubick,ranked,immortal,last_hits_10min,16.6,16.4,35,8752248080,8752058051
2026-04-04,rubick,turbo,herald,last_hits_10min,25.2,14.6,18,8752025384,8752031541
2026-04-04,rubick,turbo,guardian,last_hits_10min,21.5,10.1,11,8752051883,8752051285
2026-04-04,rubick,turbo,crusader,last_hits_10min,21.8,12.0,29,8752032310,8752030978
2026-04-04,rubick,turbo,archon,last_hits_10min,25.8,16.4,26,8752258989,8752033332
2026-04-04,rubick,turbo,legend,last_hits_10min,23.0,14.4,21,8752030193,8752033361
2026-04-04,sand_king,ranked,guardian,last_hits_10min,33.1,17.1,11,8752198235,8752161878
2026-04-04,sand_king,ranked,legend,last_hits_10min,51.8,17.7,13,8752028841,8752030798
2026-04-04,shadow_shaman,ranked,herald,last_hits_10min,7.3,5.0,20,8752050794,8752023395
2026-04-04,shadow_shaman,ranked,guardian,last_hits_10min,7.0,10.9,29,8752287249,8752202833
2026-04-04,shadow_shaman,ranked,crusader,last_hits_10min,7.9,5.4,39,8752024841,8752030950
2026-04-04,shadow_shaman,ranked,archon,last_hits_10min,6.8,4.7,30,8752023416,8752028006
2026-04-04,shadow_shaman,ranked,legend,last_hits_10min,7.8,5.3,18,8752023263,8752139424
2026-04-04,shadow_shaman,ranked,ancient,last_hits_10min,6.3,3.7,27,8752065586,8752067677
2026-04-04,shadow_shaman,ranked,divine,last_hits_10min,7.1,3.7,22,8752026788,8752237120
2026-04-04,shadow_shaman,ranked,immortal,last_hits_10min,7.6,7.4,26,8752174069,8752027786
2026-04-04,shadow_shaman,turbo,herald,last_hits_10min,10.6,6.3,13,8752241389,8752029118
2026-04-04,shadow_shaman,turbo,guardian,last_hits_10min,10.9,10.8,16,8752029246,8752034475
2026-04-04,shadow_shaman,turbo,crusader,last_hits_10min,8.9,4.2,12,8752027166,8752045282
2026-04-04,shadow_shaman,turbo,archon,last_hits_10min,11.9,12.2,18,8752345596,8752353439
2026-04-04,shadow_shaman,turbo,legend,last_hits_10min,11.0,7.3,11,8752032319,8752050112
2026-04-04,shredder,ranked,herald,last_hits_10min,21.3,17.8,12,8752300528,8752071647
2026-04-04,shredder,ranked,guardian,last_hits_10min,29.0,21.9,10,8752192463,8752351521
2026-04-04,silencer,ranked,guardian,last_hits_10min,15.3,12.4,12,8752258609,8752346881
2026-04-04,silencer,ranked,crusader,last_hits_10min,19.4,17.3,12,8752301766,8752294337
2026-04-04,silencer,ranked,archon,last_hits_10min,13.4,12.7,14,8752027882,8752250103
2026-04-04,silencer,ranked,legend,last_hits_10min,9.1,8.9,14,8752027206,8752051169
2026-04-04,silencer,ranked,divine,last_hits_10min,9.7,11.4,15,8752352275,8752247821
2026-04-04,silencer,ranked,immortal,last_hits_10min,12.7,13.8,15,8752090401,8752100759
2026-04-04,silencer,turbo,guardian,last_hits_10min,14.6,7.8,13,8752027679,8752049311
2026-04-04,silencer,turbo,crusader,last_hits_10min,17.9,10.9,12,8752258966,8752031628
2026-04-04,silencer,turbo,legend,last_hits_10min,22.5,14.4,10,8752345443,8752027806
2026-04-04,skeleton_king,ranked,herald,last_hits_10min,31.5,9.8,13,8752049139,8752155250
2026-04-04,skeleton_king,ranked,guardian,last_hits_10min,38.6,13.5,33,8752023730,8752263139
2026-04-04,skeleton_king,ranked,crusader,last_hits_10min,39.5,10.3,28,8752026794,8752025188
2026-04-04,skeleton_king,ranked,archon,last_hits_10min,42.5,10.8,32,8752026200,8752030587
2026-04-04,skeleton_king,ranked,legend,last_hits_10min,44.2,15.5,23,8752040125,8752340682
2026-04-04,skeleton_king,ranked,ancient,last_hits_10min,39.7,15.7,19,8752024685,8752140104
2026-04-04,skeleton_king,ranked,divine,last_hits_10min,42.2,10.7,17,8752079246,8752041625
2026-04-04,skeleton_king,ranked,immortal,last_hits_10min,48.3,12.9,18,8752109601,8752037111
2026-04-04,skeleton_king,turbo,herald,last_hits_10min,35.1,20.2,10,8752027029,8752046308
2026-04-04,skeleton_king,turbo,guardian,last_hits_10min,32.1,17.8,11,8752029246,8752023152
2026-04-04,skeleton_king,turbo,archon,last_hits_10min,41.5,11.5,13,8752259622,8752041858
2026-04-04,skywrath_mage,ranked,herald,last_hits_10min,9.2,4.1,13,8752032368,8752324695
2026-04-04,skywrath_mage,ranked,guardian,last_hits_10min,5.2,3.9,18,8752024872,8752026023
2026-04-04,skywrath_mage,ranked,crusader,last_hits_10min,12.3,13.2,22,8752217893,8752031158
2026-04-04,skywrath_mage,ranked,archon,last_hits_10min,8.4,8.6,16,8752030569,8752202725
2026-04-04,skywrath_mage,ranked,legend,last_hits_10min,9.6,10.7,22,8752030679,8752337952
2026-04-04,skywrath_mage,ranked,ancient,last_hits_10min,15.6,14.9,10,8752306272,8752028113
2026-04-04,skywrath_mage,ranked,divine,last_hits_10min,16.6,19.9,11,8752162798,8752093994
2026-04-04,skywrath_mage,ranked,immortal,last_hits_10min,9.9,13.2,14,8752025400,8752053668
2026-04-04,skywrath_mage,turbo,herald,last_hits_10min,14.3,7.1,13,8752035376,8752046811
2026-04-04,skywrath_mage,turbo,guardian,last_hits_10min,9.4,8.3,14,8752030417,8752038588
2026-04-04,skywrath_mage,turbo,crusader,last_hits_10min,10.0,9.7,15,8752047327,8752031696
2026-04-04,slardar,ranked,herald,last_hits_10min,23.3,14.6,10,8752192543,8752338725
2026-04-04,slardar,ranked,guardian,last_hits_10min,31.9,10.6,15,8752287249,8752030886
2026-04-04,slardar,ranked,crusader,last_hits_10min,30.6,12.7,10,8752044499,8752023515
2026-04-04,slardar,ranked,archon,last_hits_10min,40.4,11.6,17,8752101349,8752154338
2026-04-04,slardar,ranked,legend,last_hits_10min,39.0,12.0,12,8752027537,8752065208
2026-04-04,slardar,ranked,ancient,last_hits_10min,38.7,12.7,10,8752274827,8752029569
2026-04-04,slardar,ranked,immortal,last_hits_10min,39.4,17.8,14,8752156106,8752059082
2026-04-04,slark,ranked,herald,last_hits_10min,36.5,22.0,15,8752185493,8752335874
2026-04-04,slark,ranked,guardian,last_hits_10min,39.7,20.9,26,8752219010,8752207360
2026-04-04,slark,ranked,crusader,last_hits_10min,44.6,13.5,35,8752063720,8752297289
2026-04-04,slark,ranked,archon,last_hits_10min,40.8,12.1,24,8752023416,8752028301
2026-04-04,slark,ranked,legend,last_hits_10min,51.6,14.5,28,8752032116,8752285143
2026-04-04,slark,ranked,ancient,last_hits_10min,50.0,17.3,24,8752025682,8752073640
2026-04-04,slark,ranked,divine,last_hits_10min,43.1,19.4,22,8752057973,8752061925
2026-04-04,slark,ranked,immortal,last_hits_10min,54.1,18.8,29,8752228420,8752259302
2026-04-04,slark,turbo,guardian,last_hits_10min,33.4,19.2,19,8752034475,8752047178
2026-04-04,slark,turbo,crusader,last_hits_10min,34.6,16.1,16,8752033557,8752039805
2026-04-04,slark,turbo,archon,last_hits_10min,38.4,15.3,13,8752354508,8752245625
2026-04-04,snapfire,ranked,crusader,last_hits_10min,18.0,15.5,19,8752026105,8752023723
2026-04-04,sniper,ranked,herald,last_hits_10min,38.7,19.6,22,8752219832,8752338725
2026-04-04,sniper,ranked,guardian,last_hits_10min,41.6,19.2,40,8752026671,8752274031
2026-04-04,sniper,ranked,crusader,last_hits_10min,47.6,18.4,29,8752024704,8752027380
2026-04-04,sniper,ranked,archon,last_hits_10min,47.3,24.2,30,8752255863,8752346043
2026-04-04,sniper,ranked,legend,last_hits_10min,59.1,18.3,28,8752216230,8752273371
2026-04-04,sniper,ranked,ancient,last_hits_10min,53.8,21.3,16,8752274827,8752028297
2026-04-04,sniper,ranked,divine,last_hits_10min,42.3,22.1,14,8752109291,8752129629
2026-04-04,sniper,ranked,immortal,last_hits_10min,60.3,16.8,14,8752058051,8752124044
2026-04-04,sniper,turbo,herald,last_hits_10min,43.9,14.4,24,8752047661,8752359004
2026-04-04,sniper,turbo,guardian,last_hits_10min,48.7,18.7,42,8752026416,8752028867
2026-04-04,sniper,turbo,crusader,last_hits_10min,50.7,19.8,55,8752032690,8752031987
2026-04-04,sniper,turbo,archon,last_hits_10min,53.0,21.7,46,8752029782,8752033435
2026-04-04,sniper,turbo,legend,last_hits_10min,60.8,22.9,22,8752033586,8752029400
2026-04-04,sniper,turbo,ancient,last_hits_10min,50.7,29.9,11,8752025823,8752034067
2026-04-04,spectre,ranked,herald,last_hits_10min,40.6,15.2,11,8752029352,8752314553
2026-04-04,spectre,ranked,guardian,last_hits_10min,39.4,11.1,12,8752026023,8752032536
2026-04-04,spectre,ranked,crusader,last_hits_10min,43.0,13.5,17,8752294223,8752296140
2026-04-04,spectre,ranked,archon,last_hits_10min,41.3,10.0,11,8752032258,8752207016
2026-04-04,spectre,ranked,legend,last_hits_10min,46.5,12.6,14,8752024752,8752100377
2026-04-04,spectre,turbo,guardian,last_hits_10min,39.0,17.0,10,8752260344,8752047223
2026-04-04,spirit_breaker,ranked,herald,last_hits_10min,11.7,11.1,13,8752050794,8752030441
2026-04-04,spirit_breaker,ranked,guardian,last_hits_10min,12.5,10.6,41,8752156087,8752307982
2026-04-04,spirit_breaker,ranked,crusader,last_hits_10min,14.0,13.5,43,8752085065,8752199984
2026-04-04,spirit_breaker,ranked,archon,last_hits_10min,16.6,14.4,25,8752022965,8752194966
2026-04-04,spirit_breaker,ranked,legend,last_hits_10min,14.4,13.3,47,8752175094,8752067975
2026-04-04,spirit_breaker,ranked,ancient,last_hits_10min,19.2,14.3,26,8752023517,8752110000
2026-04-04,spirit_breaker,ranked,divine,last_hits_10min,19.9,18.5,22,8752195730,8752028954
2026-04-04,spirit_breaker,ranked,immortal,last_hits_10min,18.0,16.5,28,8752155352,8752094454
2026-04-04,spirit_breaker,turbo,herald,last_hits_10min,14.4,8.7,18,8752316200,8752249915
2026-04-04,spirit_breaker,turbo,guardian,last_hits_10min,18.6,10.4,38,8752026414,8752049853
2026-04-04,spirit_breaker,turbo,crusader,last_hits_10min,16.3,14.0,32,8752025150,8752027929
2026-04-04,spirit_breaker,turbo,archon,last_hits_10min,23.7,13.1,21,8752350011,8752031254
2026-04-04,spirit_breaker,turbo,legend,last_hits_10min,23.1,12.8,21,8752027724,8752031336
2026-04-04,storm_spirit,ranked,crusader,last_hits_10min,47.7,18.4,11,8752105344,8752167729
2026-04-04,storm_spirit,ranked,archon,last_hits_10min,43.1,10.8,11,8752263548,8752208459
2026-04-04,storm_spirit,ranked,legend,last_hits_10min,48.7,26.2,15,8752269880,8752030798
2026-04-04,storm_spirit,ranked,ancient,last_hits_10min,53.6,16.1,11,8752025682,8752216259
2026-04-04,storm_spirit,ranked,immortal,last_hits_10min,59.1,7.5,14,8752028863,8752069568
2026-04-04,storm_spirit,turbo,crusader,last_hits_10min,42.5,16.3,11,8752025150,8752051389
2026-04-04,storm_spirit,turbo,archon,last_hits_10min,47.5,10.5,11,8752029119,8752026152
2026-04-04,sven,ranked,herald,last_hits_10min,32.5,16.3,11,8752314553,8752034954
2026-04-04,sven,ranked,guardian,last_hits_10min,47.9,22.5,11,8752226491,8752025764
2026-04-04,techies,ranked,herald,last_hits_10min,16.0,7.4,10,8752335633,8752089328
2026-04-04,techies,ranked,guardian,last_hits_10min,11.5,8.7,19,8752024038,8752024872
2026-04-04,techies,ranked,crusader,last_hits_10min,13.2,10.9,20,8752105344,8752026869
2026-04-04,techies,ranked,archon,last_hits_10min,12.8,7.1,20,8752025145,8752149413
2026-04-04,techies,ranked,legend,last_hits_10min,9.3,4.4,13,8752040125,8752100377
2026-04-04,techies,ranked,ancient,last_hits_10min,7.7,3.9,10,8752028297,8752079623
2026-04-04,techies,turbo,herald,last_hits_10min,18.9,11.8,13,8752032589,8752033468
2026-04-04,techies,turbo,guardian,last_hits_10min,25.2,20.4,17,8752031496,8752033881
2026-04-04,techies,turbo,crusader,last_hits_10min,21.7,15.4,15,8752258526,8752030822
2026-04-04,techies,turbo,archon,last_hits_10min,29.0,14.0,13,8752047086,8752030744
2026-04-04,templar_assassin,ranked,guardian,last_hits_10min,51.3,19.7,28,8752309540,8752320121
2026-04-04,templar_assassin,ranked,crusader,last_hits_10min,52.9,15.3,16,8752023567,8752032221
2026-04-04,templar_assassin,ranked,archon,last_hits_10min,57.0,16.9,16,8752025540,8752308179
2026-04-04,templar_assassin,ranked,legend,last_hits_10min,53.4,17.9,12,8752024385,8752027785
2026-04-04,templar_assassin,ranked,ancient,last_hits_10min,68.4,14.0,12,8752026526,8752033286
2026-04-04,templar_assassin,ranked,divine,last_hits_10min,63.8,19.7,11,8752351921,8752099868
2026-04-04,templar_assassin,ranked,immortal,last_hits_10min,66.2,14.4,23,8752211653,8752247947
2026-04-04,templar_assassin,turbo,guardian,last_hits_10min,50.1,16.0,14,8752258967,8752031232
2026-04-04,terrorblade,ranked,divine,last_hits_10min,41.9,8.0,10,8752218118,8752030382
2026-04-04,terrorblade,turbo,guardian,last_hits_10min,27.0,13.3,11,8752265288,8752033034
2026-04-04,tidehunter,ranked,herald,last_hits_10min,22.9,18.0,25,8752032368,8752277398
2026-04-04,tidehunter,ranked,guardian,last_hits_10min,32.5,14.1,25,8752029897,8752040260
2026-04-04,tidehunter,ranked,crusader,last_hits_10min,43.6,10.4,16,8752027380,8752176068
2026-04-04,tidehunter,ranked,archon,last_hits_10min,46.5,16.8,21,8752163806,8752032252
2026-04-04,tidehunter,ranked,legend,last_hits_10min,50.6,12.5,27,8752286638,8752080590
2026-04-04,tidehunter,ranked,ancient,last_hits_10min,44.9,16.1,19,8752058104,8752139839
2026-04-04,tidehunter,ranked,immortal,last_hits_10min,53.2,19.5,22,8752120981,8752155352
2026-04-04,tidehunter,turbo,guardian,last_hits_10min,41.8,27.3,10,8752023152,8752046564
2026-04-04,tidehunter,turbo,crusader,last_hits_10min,32.5,18.7,11,8752030840,8752358124
2026-04-04,tiny,ranked,guardian,last_hits_10min,22.1,19.1,13,8752130387,8752026896
2026-04-04,tiny,ranked,crusader,last_hits_10min,27.3,22.1,12,8752084948,8752305702
2026-04-04,tiny,ranked,archon,last_hits_10min,29.1,19.4,14,8752154338,8752066635
2026-04-04,tiny,ranked,ancient,last_hits_10min,29.2,23.7,12,8752025483,8752284353
2026-04-04,tiny,ranked,divine,last_hits_10min,34.4,19.8,10,8752031763,8752356573
2026-04-04,tiny,ranked,immortal,last_hits_10min,37.5,27.8,15,8752193882,8752030408
2026-04-04,tiny,turbo,crusader,last_hits_10min,34.6,12.1,11,8752049398,8752028979
2026-04-04,treant,ranked,crusader,last_hits_10min,16.1,22.0,10,8752032972,8752027534
2026-04-04,troll_warlord,ranked,guardian,last_hits_10min,35.8,19.5,13,8752033035,8752094640
2026-04-04,tusk,ranked,crusader,last_hits_10min,11.8,15.6,12,8752045473,8752154387
2026-04-04,tusk,ranked,archon,last_hits_10min,8.7,11.4,19,8752048225,8752050340
2026-04-04,tusk,ranked,legend,last_hits_10min,9.7,12.7,18,8752025103,8752261254
2026-04-04,tusk,ranked,ancient,last_hits_10min,13.2,17.4,13,8752240500,8752067677
2026-04-04,tusk,ranked,divine,last_hits_10min,8.1,8.1,17,8752337735,8752346461
2026-04-04,tusk,ranked,immortal,last_hits_10min,10.0,11.2,23,8752185551,8752174171
2026-04-04,tusk,turbo,archon,last_hits_10min,20.8,15.3,10,8752047403,8752028198
2026-04-04,undying,ranked,herald,last_hits_10min,11.7,11.2,15,8752029352,8752027209
2026-04-04,undying,ranked,guardian,last_hits_10min,16.5,13.8,12,8752092227,8752287249
2026-04-04,undying,ranked,crusader,last_hits_10min,19.0,15.5,22,8752027130,8752032581
2026-04-04,undying,ranked,archon,last_hits_10min,11.9,16.3,17,8752022965,8752142034
2026-04-04,undying,ranked,legend,last_hits_10min,19.8,16.0,13,8752028414,8752340682
2026-04-04,undying,ranked,immortal,last_hits_10min,12.5,11.6,11,8752042586,8752228420
2026-04-04,undying,turbo,crusader,last_hits_10min,15.2,9.8,13,8752024174,8752024923
2026-04-04,ursa,ranked,guardian,last_hits_10min,31.1,22.7,13,8752027009,8752030778
2026-04-04,ursa,ranked,crusader,last_hits_10min,43.1,20.3,17,8752154847,8752306604
2026-04-04,ursa,ranked,archon,last_hits_10min,50.1,14.9,12,8752230044,8752332259
2026-04-04,ursa,ranked,legend,last_hits_10min,50.0,15.2,16,8752023941,8752028414
2026-04-04,ursa,ranked,ancient,last_hits_10min,49.7,17.8,12,8752273998,8752197898
2026-04-04,ursa,turbo,herald,last_hits_10min,32.6,18.1,10,8752034860,8752048482
2026-04-04,vengefulspirit,ranked,guardian,last_hits_10min,6.2,4.5,15,8752146090,8752029268
2026-04-04,vengefulspirit,ranked,crusader,last_hits_10min,16.9,20.0,20,8752023723,8752271611
2026-04-04,vengefulspirit,ranked,archon,last_hits_10min,18.9,27.2,11,8752032728,8752241204
2026-04-04,vengefulspirit,ranked,legend,last_hits_10min,21.4,20.0,10,8752030798,8752100377
2026-04-04,vengefulspirit,turbo,guardian,last_hits_10min,17.0,11.3,10,8752033034,8752240781
2026-04-04,venomancer,ranked,herald,last_hits_10min,15.8,13.5,16,8752027934,8752029352
2026-04-04,venomancer,ranked,guardian,last_hits_10min,9.4,5.7,35,8752161902,8752023938
2026-04-04,venomancer,ranked,crusader,last_hits_10min,13.2,10.0,25,8752130938,8752154847
2026-04-04,venomancer,ranked,archon,last_hits_10min,9.9,10.0,32,8752031415,8752247988
2026-04-04,venomancer,ranked,legend,last_hits_10min,8.8,8.9,32,8752024617,8752024752
2026-04-04,venomancer,ranked,ancient,last_hits_10min,9.9,10.4,26,8752181578,8752095400
2026-04-04,venomancer,ranked,divine,last_hits_10min,11.0,6.9,15,8752025685,8752028954
2026-04-04,venomancer,ranked,immortal,last_hits_10min,9.8,5.1,28,8752033645,8752072271
2026-04-04,venomancer,turbo,herald,last_hits_10min,15.8,6.6,13,8752030167,8752247360
2026-04-04,venomancer,turbo,guardian,last_hits_10min,15.1,7.7,12,8752027524,8752030019
2026-04-04,venomancer,turbo,crusader,last_hits_10min,17.8,7.9,23,8752049051,8752027166
2026-04-04,venomancer,turbo,archon,last_hits_10min,18.9,9.6,20,8752032918,8752025504
2026-04-04,venomancer,turbo,legend,last_hits_10min,16.2,15.6,19,8752029400,8752035458
2026-04-04,viper,ranked,herald,last_hits_10min,27.1,16.6,14,8752134159,8752025192
2026-04-04,viper,ranked,crusader,last_hits_10min,34.6,18.4,12,8752032581,8752252883
2026-04-04,viper,ranked,archon,last_hits_10min,38.5,18.0,13,8752259756,8752230044
2026-04-04,viper,ranked,legend,last_hits_10min,44.6,20.2,14,8752024013,8752030923
2026-04-04,viper,turbo,herald,last_hits_10min,32.1,13.2,12,8752265419,8752241297
2026-04-04,viper,turbo,guardian,last_hits_10min,26.5,11.8,21,8752047686,8752034243
2026-04-04,viper,turbo,crusader,last_hits_10min,30.7,15.5,18,8752031796,8752024832
2026-04-04,viper,turbo,archon,last_hits_10min,37.2,10.9,13,8752026799,8752044439
2026-04-04,void_spirit,ranked,crusader,last_hits_10min,37.7,18.2,10,8752084948,8752031342
2026-04-04,void_spirit,ranked,archon,last_hits_10min,46.7,11.0,10,8752030608,8752071904
2026-04-04,void_spirit,ranked,legend,last_hits_10min,37.1,20.4,10,8752065208,8752153710
2026-04-04,void_spirit,ranked,ancient,last_hits_10min,48.7,20.1,10,8752024685,8752272186
2026-04-04,void_spirit,ranked,immortal,last_hits_10min,48.1,13.2,15,8752029342,8752160402
2026-04-04,warlock,ranked,herald,last_hits_10min,12.2,6.3,16,8752024202,8752152031
2026-04-04,warlock,ranked,guardian,last_hits_10min,10.9,5.0,21,8752023111,8752026671
2026-04-04,warlock,ranked,crusader,last_hits_10min,10.6,7.3,27,8752313375,8752031041
2026-04-04,warlock,ranked,archon,last_hits_10min,11.9,8.4,17,8752028144,8752023416
2026-04-04,warlock,ranked,legend,last_hits_10min,21.7,25.9,13,8752220547,8752196214
2026-04-04,warlock,ranked,divine,last_hits_10min,11.5,6.7,11,8752301093,8752337115
2026-04-04,warlock,ranked,immortal,last_hits_10min,12.1,5.5,17,8752035119,8752203009
2026-04-04,warlock,turbo,guardian,last_hits_10min,20.2,11.6,10,8752033358,8752050027
2026-04-04,warlock,turbo,crusader,last_hits_10min,15.7,5.0,13,8752034415,8752293571
2026-04-04,weaver,ranked,herald,last_hits_10min,27.3,13.9,12,8752177103,8752101139
2026-04-04,weaver,ranked,guardian,last_hits_10min,29.5,20.9,18,8752270711,8752192336
2026-04-04,weaver,ranked,crusader,last_hits_10min,33.7,16.7,19,8752025033,8752217893
2026-04-04,weaver,ranked,archon,last_hits_10min,33.4,18.5,27,8752023626,8752025219
2026-04-04,weaver,ranked,legend,last_hits_10min,39.5,19.6,19,8752263379,8752023263
2026-04-04,weaver,ranked,ancient,last_hits_10min,30.8,22.5,15,8752025030,8752139839
2026-04-04,weaver,ranked,immortal,last_hits_10min,34.8,23.6,17,8752203660,8752134363
2026-04-04,weaver,turbo,guardian,last_hits_10min,30.9,15.2,20,8752034475,8752034256
2026-04-04,weaver,turbo,crusader,last_hits_10min,40.6,18.8,11,8752035494,8752350656
2026-04-04,windrunner,ranked,herald,last_hits_10min,27.4,15.8,17,8752139485,8752030441
2026-04-04,windrunner,ranked,guardian,last_hits_10min,24.2,17.6,17,8752286298,8752023332
2026-04-04,windrunner,ranked,crusader,last_hits_10min,30.8,20.6,17,8752313375,8752032581
2026-04-04,windrunner,ranked,archon,last_hits_10min,28.9,19.2,15,8752142993,8752296537
2026-04-04,windrunner,ranked,legend,last_hits_10min,28.6,17.7,14,8752035645,8752339869
2026-04-04,windrunner,turbo,herald,last_hits_10min,29.5,8.4,15,8752048482,8752032952
2026-04-04,windrunner,turbo,guardian,last_hits_10min,25.2,8.8,11,8752027084,8752026481
2026-04-04,windrunner,turbo,crusader,last_hits_10min,29.8,17.2,18,8752346507,8752033301
2026-04-04,windrunner,turbo,archon,last_hits_10min,35.0,17.9,11,8752026152,8752044439
2026-04-04,wisp,ranked,guardian,last_hits_10min,4.1,3.5,19,8752030936,8752111809
2026-04-04,wisp,ranked,crusader,last_hits_10min,4.2,4.7,16,8752026040,8752026869
2026-04-04,wisp,ranked,archon,last_hits_10min,12.7,22.9,11,8752306667,8752174677
2026-04-04,wisp,ranked,divine,last_hits_10min,12.6,21.3,12,8752219105,8752089932
2026-04-04,wisp,ranked,immortal,last_hits_10min,8.0,12.2,16,8752187337,8752050533
2026-04-04,witch_doctor,ranked,herald,last_hits_10min,9.6,9.3,25,8752335874,8752023239
2026-04-04,witch_doctor,ranked,guardian,last_hits_10min,6.6,4.6,33,8752056144,8752030643
2026-04-04,witch_doctor,ranked,crusader,last_hits_10min,8.8,9.4,34,8752023190,8752164612
2026-04-04,witch_doctor,ranked,archon,last_hits_10min,6.4,4.5,22,8752220808,8752139434
2026-04-04,witch_doctor,ranked,legend,last_hits_10min,7.3,3.7,23,8752188442,8752040125
2026-04-04,witch_doctor,ranked,ancient,last_hits_10min,5.8,2.9,18,8752028947,8752028352
2026-04-04,witch_doctor,ranked,divine,last_hits_10min,6.6,5.6,14,8752238586,8752218118
2026-04-04,witch_doctor,ranked,immortal,last_hits_10min,9.1,4.4,11,8752024583,8752029980
2026-04-04,witch_doctor,turbo,herald,last_hits_10min,5.8,3.0,15,8752043145,8752241389
2026-04-04,witch_doctor,turbo,guardian,last_hits_10min,9.4,4.2,25,8752047367,8752034256
2026-04-04,witch_doctor,turbo,crusader,last_hits_10min,12.4,9.1,16,8752029381,8752025689
2026-04-04,witch_doctor,turbo,archon,last_hits_10min,9.4,6.5,20,8752026799,8752032205
2026-04-04,witch_doctor,turbo,legend,last_hits_10min,7.5,5.4,11,8752034957,8752029846
2026-04-04,zuus,ranked,herald,last_hits_10min,15.5,9.1,13,8752216307,8752335471
2026-04-04,zuus,ranked,guardian,last_hits_10min,15.5,15.3,25,8752030735,8752241248
2026-04-04,zuus,ranked,crusader,last_hits_10min,14.4,14.6,25,8752026794,8752024805
2026-04-04,zuus,ranked,archon,last_hits_10min,23.3,21.1,11,8752171617,8752069481
2026-04-04,zuus,ranked,legend,last_hits_10min,22.6,21.1,17,8752025778,8752028985
2026-04-04,zuus,ranked,ancient,last_hits_10min,19.4,19.7,14,8752081521,8752286068
2026-04-04,zuus,ranked,divine,last_hits_10min,23.1,21.2,15,8752099868,8752289250
2026-04-04,zuus,ranked,immortal,last_hits_10min,25.2,25.1,16,8752058051,8752264812
2026-04-04,zuus,turbo,herald,last_hits_10min,27.4,14.4,16,8752042289,8752033910
2026-04-04,zuus,turbo,guardian,last_hits_10min,25.2,14.8,25,8752026082,8752033034
2026-04-04,zuus,turbo,crusader,last_hits_10min,29.0,16.5,22,8752358907,8752033572
2026-04-04,zuus,turbo,archon,last_hits_10min,27.5,21.7,16,8752275456,8752026052
2026-04-04,zuus,turbo,legend,last_hits_10min,40.6,16.7,10,8752035458,8752035263
